ControlID,ControlName,Applicable,Justification,ImplementationStatus,Owner,EvidenceReference,Gap,TargetDate
A.5,Information security policies,Yes,Core governance requirement,Planned,,,,
A.6,Organization of information security,Yes,Needed for role and responsibility model,Planned,,,,
A.7,Human resource security,Yes,Access and onboarding/offboarding controls,Planned,,,,
A.8,Asset management,Yes,Required for inventory and ownership,Planned,,,,
A.9,Access control,Yes,Required for production and CI/CD access,Planned,,,,
A.10,Cryptography,Yes,Required for data in transit and at rest,Planned,,,,
A.11,Physical and environmental security,Yes,Hosting and office controls,Planned,,,,
A.12,Operations security,Yes,Logging, backup, and change controls,Planned,,,,
A.13,Communications security,Yes,Network and API channel controls,Planned,,,,
A.14,System acquisition development and maintenance,Yes,Secure SDLC and code change governance,Planned,,,,
A.15,Supplier relationships,Yes,Third-party and cloud supplier assurance,Planned,,,,
A.16,Information security incident management,Yes,Detection and response process needed,Planned,,,,
A.17,Information security aspects of business continuity,Yes,Continuity and recovery readiness,Planned,,,,
A.18,Compliance,Yes,Regulatory and contractual compliance,Planned,,,,
